{
	"file_path": "C:\\Users\\rdmus\\AppData\\Local\\Packages\\Microsoft.MinecraftUWP_8wekyb3d8bbwe\\LocalState\\games\\com.mojang\\development_behavior_packs\\Mo Chickens Behavior\\items\\rainbow_pickaxe.json",
	"file_type": "item",
	"format_version": 1,
	"file_uuid": "3e7009d7_b6aa_4e4b_a3d6_352c4eb50ec0",
	"file_version": 0,
	"cache_content": {
		"open": true,
		"comment": "",
		"data": "",
		"key": "global",
		"type": "object",
		"meta": {},
		"children": [
			{
				"open": false,
				"comment": "",
				"data": "1.12.0",
				"key": "format_version",
				"type": "string",
				"meta": {},
				"children": []
			},
			{
				"open": true,
				"comment": "",
				"data": "",
				"key": "minecraft:item",
				"type": "object",
				"meta": {},
				"children": [
					{
						"open": false,
						"comment": "",
						"data": "",
						"key": "description",
						"type": "object",
						"meta": {},
						"children": [
							{
								"open": false,
								"comment": "",
								"data": "chickens:rainbow_pickaxe",
								"key": "identifier",
								"type": "string",
								"meta": {},
								"children": []
							}
						]
					},
					{
						"open": true,
						"comment": "",
						"data": "",
						"key": "components",
						"type": "object",
						"meta": {},
						"children": [
							{
								"open": false,
								"comment": "",
								"data": "1",
								"key": "minecraft:use_duration",
								"type": "number",
								"meta": {},
								"children": []
							},
							{
								"open": true,
								"comment": "",
								"data": "68",
								"key": "minecraft:max_damage",
								"type": "number",
								"meta": {},
								"children": []
							},
							{
								"open": false,
								"comment": "",
								"data": "true",
								"key": "minecraft:hand_equipped",
								"type": "boolean",
								"meta": {},
								"children": []
							},
							{
								"open": false,
								"comment": "",
								"data": "false",
								"key": "minecraft:foil",
								"type": "boolean",
								"meta": {},
								"children": []
							},
							{
								"open": false,
								"comment": "",
								"data": "1",
								"key": "minecraft:max_stack_size",
								"type": "number",
								"meta": {},
								"children": []
							}
						]
					}
				]
			}
		]
	}
}