{
	"file_path": "C:\\Users\\rdmus\\AppData\\Local\\Packages\\Microsoft.MinecraftUWP_8wekyb3d8bbwe\\LocalState\\games\\com.mojang\\development_behavior_packs\\Mo Chickens Behavior\\items\\rainbow_nugget.json",
	"file_type": "item",
	"format_version": 1,
	"file_uuid": "6a8ff1f3_4866_4598_a109_9c11478d4cc3",
	"file_version": 4,
	"cache_content": {
		"open": true,
		"comment": "",
		"data": "",
		"key": "global",
		"type": "object",
		"meta": {},
		"children": [
			{
				"open": true,
				"comment": "",
				"data": "1.12",
				"key": "format_version",
				"type": "string",
				"meta": {},
				"children": []
			},
			{
				"open": true,
				"comment": "",
				"data": "",
				"key": "minecraft:item",
				"type": "object",
				"meta": {},
				"children": [
					{
						"open": true,
						"comment": "",
						"data": "",
						"key": "description",
						"type": "object",
						"meta": {},
						"children": [
							{
								"open": true,
								"comment": "",
								"data": "chickens:rainbow_nugget",
								"key": "identifier",
								"type": "string",
								"meta": {
									"definitions": [
										"item"
									]
								},
								"children": []
							}
						]
					},
					{
						"open": true,
						"comment": "",
						"data": "",
						"key": "components",
						"type": "object",
						"meta": {},
						"children": []
					}
				]
			}
		]
	}
}