{
	"file_path": "C:\\Users\\rdmus\\AppData\\Local\\Packages\\Microsoft.MinecraftUWP_8wekyb3d8bbwe\\LocalState\\games\\com.mojang\\development_behavior_packs\\Mo Chickens Behavior\\items\\rainbowApple.json",
	"file_type": "item",
	"format_version": 1,
	"file_uuid": "1744d759_caba_463b_a853_711f930e956a",
	"file_version": 1,
	"cache_content": {
		"open": true,
		"comment": "",
		"data": "",
		"key": "global",
		"type": "object",
		"meta": {},
		"children": [
			{
				"open": true,
				"comment": "",
				"data": "1.10",
				"key": "format_version",
				"type": "string",
				"meta": {},
				"children": []
			},
			{
				"open": true,
				"comment": "",
				"data": "",
				"key": "minecraft:item",
				"type": "object",
				"meta": {},
				"children": [
					{
						"open": true,
						"comment": "",
						"data": "",
						"key": "description",
						"type": "object",
						"meta": {},
						"children": [
							{
								"open": true,
								"comment": "",
								"data": "chickens:rainbow_apple",
								"key": "identifier",
								"type": "string",
								"meta": {},
								"children": []
							}
						]
					},
					{
						"open": true,
						"comment": "",
						"data": "",
						"key": "components",
						"type": "object",
						"meta": {},
						"children": [
							{
								"open": false,
								"comment": "",
								"data": "false",
								"key": "minecraft:hand_equipped",
								"type": "boolean",
								"meta": {},
								"children": []
							},
							{
								"open": false,
								"comment": "",
								"data": "true",
								"key": "minecraft:stacked_by_data",
								"type": "boolean",
								"meta": {},
								"children": []
							},
							{
								"open": true,
								"comment": "",
								"data": "12",
								"key": "minecraft:use_duration",
								"type": "number",
								"meta": {},
								"children": []
							},
							{
								"open": false,
								"comment": "",
								"data": "true",
								"key": "minecraft:foil",
								"type": "boolean",
								"meta": {},
								"children": []
							},
							{
								"open": true,
								"comment": "",
								"data": "",
								"key": "minecraft:food",
								"type": "object",
								"meta": {},
								"children": [
									{
										"open": false,
										"comment": "",
										"data": "4",
										"key": "nutrition",
										"type": "number",
										"meta": {},
										"children": []
									},
									{
										"open": false,
										"comment": "",
										"data": "supernatural",
										"key": "saturation_modifier",
										"type": "string",
										"meta": {},
										"children": []
									},
									{
										"open": false,
										"comment": "",
										"data": "true",
										"key": "can_always_eat",
										"type": "boolean",
										"meta": {},
										"children": []
									},
									{
										"open": true,
										"comment": "",
										"data": "",
										"key": "effects",
										"type": "object",
										"meta": {},
										"children": [
											{
												"open": false,
												"comment": "",
												"data": "",
												"key": "0",
												"type": "object",
												"meta": {},
												"children": [
													{
														"open": true,
														"comment": "",
														"data": "haste",
														"key": "name",
														"type": "string",
														"meta": {},
														"children": []
													},
													{
														"open": true,
														"comment": "",
														"data": "1",
														"key": "chance",
														"type": "number",
														"meta": {},
														"children": []
													},
													{
														"open": true,
														"comment": "",
														"data": "500",
														"key": "duration",
														"type": "number",
														"meta": {},
														"children": []
													},
													{
														"open": true,
														"comment": "",
														"data": "3",
														"key": "amplifier",
														"type": "number",
														"meta": {},
														"children": []
													}
												]
											},
											{
												"open": true,
												"comment": "",
												"data": "",
												"key": "1",
												"type": "object",
												"meta": {},
												"children": [
													{
														"open": false,
														"comment": "",
														"data": "absorption",
														"key": "name",
														"type": "string",
														"meta": {},
														"children": []
													},
													{
														"open": false,
														"comment": "",
														"data": "1",
														"key": "chance",
														"type": "number",
														"meta": {},
														"children": []
													},
													{
														"open": false,
														"comment": "",
														"data": "120",
														"key": "duration",
														"type": "number",
														"meta": {},
														"children": []
													},
													{
														"open": false,
														"comment": "",
														"data": "3",
														"key": "amplifier",
														"type": "number",
														"meta": {},
														"children": []
													}
												]
											},
											{
												"open": false,
												"comment": "",
												"data": "",
												"key": "2",
												"type": "object",
												"meta": {},
												"children": [
													{
														"open": false,
														"comment": "",
														"data": "resistance",
														"key": "name",
														"type": "string",
														"meta": {},
														"children": []
													},
													{
														"open": false,
														"comment": "",
														"data": "1",
														"key": "chance",
														"type": "number",
														"meta": {},
														"children": []
													},
													{
														"open": false,
														"comment": "",
														"data": "300",
														"key": "duration",
														"type": "number",
														"meta": {},
														"children": []
													},
													{
														"open": false,
														"comment": "",
														"data": "0",
														"key": "amplifier",
														"type": "number",
														"meta": {},
														"children": []
													}
												]
											},
											{
												"open": false,
												"comment": "",
												"data": "",
												"key": "3",
												"type": "object",
												"meta": {},
												"children": [
													{
														"open": false,
														"comment": "",
														"data": "fire_resistance",
														"key": "name",
														"type": "string",
														"meta": {},
														"children": []
													},
													{
														"open": false,
														"comment": "",
														"data": "1",
														"key": "chance",
														"type": "number",
														"meta": {},
														"children": []
													},
													{
														"open": false,
														"comment": "",
														"data": "300",
														"key": "duration",
														"type": "number",
														"meta": {},
														"children": []
													},
													{
														"open": false,
														"comment": "",
														"data": "0",
														"key": "amplifier",
														"type": "number",
														"meta": {},
														"children": []
													}
												]
											},
											{
												"open": false,
												"comment": "",
												"data": "",
												"key": "4",
												"type": "object",
												"meta": {},
												"children": [
													{
														"open": false,
														"comment": "",
														"data": "fire_resistance",
														"key": "name",
														"type": "string",
														"meta": {},
														"children": []
													},
													{
														"open": false,
														"comment": "",
														"data": "1",
														"key": "chance",
														"type": "number",
														"meta": {},
														"children": []
													},
													{
														"open": false,
														"comment": "",
														"data": "300",
														"key": "duration",
														"type": "number",
														"meta": {},
														"children": []
													},
													{
														"open": false,
														"comment": "",
														"data": "0",
														"key": "amplifier",
														"type": "number",
														"meta": {},
														"children": []
													}
												]
											}
										]
									}
								]
							}
						]
					}
				]
			}
		]
	}
}