{
  "format_version": "1.8.0",
  "minecraft:spawn_rules": {
    "description": {
      "identifier": "chickens:quartz",
      "population_control": "monster"
    },
    "conditions": [
      {
        "minecraft:spawns_underground": {
        },

        "minecraft:difficulty_filter": {
          "min": "peaceful",
          "max": "hard"
        },

        "minecraft:weight": {
          "default": 100
        },
        
        "minecraft:herd": {
          "min_size": 2,
          "max_size": 4
        },

        "minecraft:biome_filter": { 
          "test": "has_biome_tag", "operator":"==", "value": "nether"
        }
      }
    ]
  }
}