{
	"format_version": "1.12.0",
	"minecraft:item": {
		"description": {
			"identifier": "chickens:rainbow_apple"
		},
		"components": {
			"minecraft:max_stack_size": 64,
			"minecraft:foil": true,
			"minecraft:food": {
				"saturation_modifier": "supernatural",
				"nutrition": 7.5,
				"effects": [
					{
						"name": "haste",
						"duration": 500,
						"amplifier": 3,
						"chance": 100.0
					},
					{
						"name": "jump_boost",
						"duration": 500,
						"amplifier": 4,
						"chance": 100.0
					},
					{
						"name": "speed",
						"duration": 500,
						"amplifier": 10,
						"chance": 100.0
					},
					{
						"name": "regeneration",
						"duration": 500,
						"amplifier": 3,
						"chance": 100.0
					},
					{
						"name": "resistance",
						"duration": 500,
						"amplifier": 3,
						"chance": 100.0
					},
					{
						"name": "fire_resistance",
						"duration": 500,
						"amplifier": 3,
						"chance": 100.0
					},
					{
						"name": "water_breathing",
						"duration": 500,
						"amplifier": 3,
						"chance": 100.0
					},
					{
						"name": "invisibility",
						"duration": 500,
						"amplifier": 3,
						"chance": 100.0
					},
					{
						"name": "night_vision",
						"duration": 500,
						"amplifier": 3,
						"chance": 100.0
					},
					{
						"name": "health_boost",
						"duration": 500,
						"amplifier": 4,
						"chance": 100.0
					},
					{
						"name": "absorption",
						"duration": 500,
						"amplifier": 3,
						"chance": 100.0
					},
					{
						"name": "saturation",
						"duration": 500,
						"amplifier": 3,
						"chance": 100.0
					},
					{
						"name": "instant_health",
						"duration": 500,
						"amplifier": 2,
						"chance": 100.0
					},
					{
						"name": "slow_falling",
						"duration": 500,
						"amplifier": 3,
						"chance": 100.0
					},
					{
						"name": "conduit_power",
						"duration": 500,
						"amplifier": 3,
						"chance": 100.0
					},
					{
						"name": "village_hero",
						"duration": 500,
						"amplifier": 3,
						"chance": 100.0
					},
					{
						"name": "strength",
						"duration": 500,
						"amplifier": 3,
						"chance": 100.0
					},
					{
						"name": "dolphins_grace",
						"duration": 500,
						"amplifier": 3,
						"chance": 100.0
					}
				],
				"can_always_eat": true
			},
			"minecraft:use_duration": 12
		}
	}
}
