{
	"file_path": "C:\\Users\\rdmus\\AppData\\Local\\Packages\\Microsoft.MinecraftUWP_8wekyb3d8bbwe\\LocalState\\games\\com.mojang\\development_behavior_packs\\Mo Chickens Behavior/recipes/rainbow_nugget.json",
	"file_type": "recipe",
	"format_version": 1,
	"file_uuid": "3290f643_143f_410c_b9d9_d2a90e4d8fec",
	"file_version": 0,
	"cache_content": {
		"open": true,
		"comment": "",
		"data": "",
		"key": "global",
		"type": "object",
		"meta": {},
		"children": [
			{
				"open": false,
				"comment": "",
				"data": "1.12",
				"key": "format_version",
				"type": "string",
				"meta": {},
				"children": []
			},
			{
				"open": true,
				"comment": "",
				"data": "",
				"key": "minecraft:recipe_shaped",
				"type": "object",
				"meta": {},
				"children": [
					{
						"open": true,
						"comment": "",
						"data": "",
						"key": "description",
						"type": "object",
						"meta": {},
						"children": [
							{
								"open": true,
								"comment": "",
								"data": "chickens:rainbow_nugget",
								"key": "identifier",
								"type": "string",
								"meta": {},
								"children": []
							}
						]
					},
					{
						"open": true,
						"comment": "",
						"data": "",
						"key": "tags",
						"type": "array",
						"meta": {},
						"children": [
							{
								"open": true,
								"comment": "",
								"data": "crafting_table",
								"key": "0",
								"type": "string",
								"meta": {},
								"children": []
							}
						]
					},
					{
						"open": true,
						"comment": "",
						"data": "",
						"key": "pattern",
						"type": "array",
						"meta": {},
						"children": [
							{
								"open": true,
								"comment": "",
								"data": "#",
								"key": "0",
								"type": "string",
								"meta": {},
								"children": []
							}
						]
					},
					{
						"open": true,
						"comment": "",
						"data": "",
						"key": "key",
						"type": "object",
						"meta": {},
						"children": [
							{
								"open": true,
								"comment": "",
								"data": "",
								"key": "#",
								"type": "object",
								"meta": {},
								"children": [
									{
										"open": true,
										"comment": "",
										"data": "chickens:rainbow_ingot",
										"key": "item",
										"type": "string",
										"meta": {},
										"children": []
									}
								]
							}
						]
					},
					{
						"open": true,
						"comment": "",
						"data": "",
						"key": "result",
						"type": "object",
						"meta": {},
						"children": [
							{
								"open": true,
								"comment": "",
								"data": "chickens:rainbow_nugget",
								"key": "item",
								"type": "string",
								"meta": {},
								"children": []
							},
							{
								"open": true,
								"comment": "",
								"data": "9",
								"key": "count",
								"type": "number",
								"meta": {},
								"children": []
							}
						]
					}
				]
			}
		]
	}
}